Timestamp,Channel,Interactions,User Question,Message Length,Chatbot Response,User Satisfaction,Response Time,User Id
08-11-2023,mobile,98,What are the cost benefits of implementing AI in buildings?,20," AI-driven energy optimization can lead to significant cost savings, making it a wise investment for building owners. ",1,10,123070
15-07-2022,mobile,81,What are the key features of your smart building system?,15," Our system offers real-time occupancy tracking, energy optimization, and advanced security solutions for smart buildings. ",4,8,123001
02-08-2022,web,118,How does the AI handle different room temperatures based on occupancy?,14," Deep learning algorithms adjust HVAC settings dynamically, ensuring comfort while minimizing energy usage. ",2,1,123002
18-09-2022,web,108,Can you explain the integration of AI with lighting systems?,14," AI analyzes natural light and occupancy data to optimize artificial lighting, reducing energy costs and enhancing ambiance. ",1,9,123003
05-10-2022,mobile,182,What security protocols are in place for the AI system?,6,Our system uses end-to-end encryption and regular security audits to safeguard data and prevent unauthorized access.,4,10,123004
12-11-2022,web,169,How can AI-driven analytics improve workspace productivity?,19," AI analyzes occupancy patterns and suggests layout changes, creating a more efficient and collaborative work environment. ",1,2,123005
09-01-2023,mobile,88,Tell me about the adaptability of your system to different building types.,20," Our AI algorithms are customizable and can be tailored to various building structures, ensuring effective implementation in diverse settings. ",3,5,123006
22-03-2023,web,166,Can the AI system work with existing building automation systems?,8," Yes, our system is designed for seamless integration with various protocols and can enhance the capabilities of existing automation systems. ",1,10,123007
30-04-2023,mobile,98,How does the AI handle emergency situations in smart buildings?,11," AI-powered sensors detect emergencies like fire or gas leaks, triggering automated responses and notifying authorities for swift action. ",4,7,123008
17-05-2023,web,50,What kind of energy savings can building owners expect with your system?,17," On average, our system achieves up to 30% energy savings through intelligent optimization, resulting in substantial cost reductions. ",2,10,123009
28-06-2023,mobile,183,Tell me about ongoing support and updates for the AI system.,20," We provide continuous support, software updates, and remote monitoring to ensure the AI system operates at peak performance, meeting evolving needs. ",5,4,123010
05-07-2022,web,78,How does the AI system optimize energy usage in office spaces?,17," AI analyzes occupancy data and adjusts lighting, HVAC, and other systems to minimize energy consumption while maintaining comfort. ",1,5,123011
18-08-2022,web,120,Can the AI system detect faulty equipment in a building?,7," Yes, our system uses computer vision to identify malfunctioning equipment, enabling proactive maintenance and reducing downtime. ",2,6,123012
09-09-2022,mobile,162,What data security measures are in place for user information?,15," User data is encrypted, and strict access controls are enforced. Regular security audits are conducted to ensure compliance with industry standards. ",5,1,123013
21-10-2022,mobile,182,How does the AI handle personalized lighting preferences for employees?,7," Employees can set their preferences through a mobile app. AI adjusts lighting based on individual preferences, enhancing comfort and productivity. ",1,7,123014
30-11-2022,web,63,Tell me about the AI system's predictive maintenance capabilities.,11," AI analyzes equipment performance data to predict failures, enabling maintenance teams to replace parts before they cause issues, reducing downtime. ",1,4,123015
12-01-2023,mobile,150,How does the AI system contribute to sustainability in buildings?,17," By optimizing energy usage and reducing waste, our system helps buildings achieve green certifications and supports sustainable practices. ",5,6,123016
05-03-2023,mobile,129,Can the AI system interface with other smart devices in the building?,13," Yes, our system can integrate with IoT devices, allowing seamless communication and coordination between various smart technologies in the building. ",3,2,123017
14-04-2023,web,96,What types of sensors are used in your smart building solution?,15," We deploy occupancy sensors, temperature sensors, light sensors, and air quality sensors to gather real-time data for intelligent decision-making. ",1,5,123018
29-05-2023,mobile,46,How does the AI system improve indoor air quality?,5," AI monitors air quality levels and adjusts ventilation systems to ensure a constant supply of fresh air, promoting a healthy indoor environment. ",3,4,123019
19-06-2023,web,69,Tell me about the training process for the AI algorithms used in your system.,20," The algorithms are trained on diverse datasets, including various building types and scenarios, to ensure accuracy and reliability in different environments. ",2,9,123020
12-07-2022,mobile,126,How does the AI system handle varying occupancy patterns throughout the day?,14," AI algorithms analyze historical data and real-time patterns to predict occupancy, enabling proactive adjustments to lighting and climate control. ",5,10,123021
25-08-2022,mobile,141,Can the AI system be customized for specific building layouts?,5," Yes, our system is highly adaptable and can be tailored to the unique layouts and requirements of different buildings, ensuring optimal performance. ",1,7,123022
14-09-2022,mobile,146,What kind of maintenance is required for the sensors and AI equipment?,19," Regular maintenance includes cleaning sensors and updating software. Our system provides alerts for any issues, ensuring timely interventions. ",4,4,123023
29-10-2022,mobile,125,How does the AI system contribute to the overall efficiency of smart cities?,18," By reducing energy consumption, our system supports sustainable city initiatives, leading to reduced carbon emissions and resource conservation. ",5,1,123024
18-11-2022,web,129,Tell me about the user interface for managing the AI system.,12," We offer an intuitive web-based dashboard where users can monitor real-time data, configure settings, and access detailed analytics for informed decision-making. ",2,3,123025
05-01-2023,mobile,124,Can the AI system identify patterns in equipment usage and predict maintenance needs?,20," Yes, our system analyzes usage patterns and alerts maintenance teams to potential issues before they escalate, minimizing downtime and repair costs. ",5,10,123026
18-03-2023,mobile,142,What types of building layouts benefit the most from your AI system?,13," Our system is versatile and beneficial for various layouts, including offices, hotels, and hospitals, where intelligent automation enhances user experience and efficiency. ",1,2,123027
25-04-2023,web,26,How does the AI system ensure compliance with energy efficiency standards?,17," The system constantly monitors energy usage and automatically adjusts settings to meet or exceed energy efficiency standards, ensuring compliance at all times. ",5,5,123028
07-06-2023,mobile,47,Tell me about the machine learning algorithms used for predictive analytics.,6," Our machine learning algorithms employ regression and clustering techniques, learning from historical data to make accurate predictions about building behavior and occupancy. ",2,2,123029
30-06-2023,mobile,29,How does the AI system adapt to changing weather conditions for energy optimization?,5," Weather data is integrated into the AI algorithms. When weather conditions change, the system adjusts HVAC and lighting settings to maintain energy efficiency and user comfort. ",5,2,123030
19-07-2022,mobile,126,How does the AI system handle security threats such as unauthorized access?,20,AI detects unusual access patterns and triggers alerts. Access control protocols are automatically reinforced to prevent unauthorized entry.,4,7,123031
08-08-2022,web,74,Tell me about the AI system's ability to optimize natural light usage.,15," Sensors measure natural light levels. AI adjusts window shades and interior lighting to maintain desired illumination, reducing energy usage. ",5,5,123032
23-09-2022,web,55,How can the AI system enhance the comfort of occupants in a smart building?,18," AI monitors individual preferences and adjusts temperature, lighting, and ventilation to create personalized, comfortable environments. ",5,6,123033
12-10-2022,web,153,What kind of data analytics does the AI system provide for building performance?,15," The system offers detailed analytics on energy usage, occupancy patterns, equipment efficiency, and more, empowering data-driven decision-making. ",1,8,123034
28-11-2022,mobile,25,Can the AI system be integrated with renewable energy sources?,10," Yes, our system seamlessly integrates with solar panels and other renewable sources, optimizing energy usage based on the available renewable energy supply. ",1,2,123035
15-01-2023,mobile,173,Tell me about the predictive analytics capabilities for HVAC systems.,15," AI analyzes historical HVAC data and weather forecasts to predict heating and cooling needs, ensuring optimal comfort and energy efficiency. ",1,4,123036
10-03-2023,mobile,65,How does the AI system handle emergency evacuation procedures?,19," AI detects emergencies, activates alarms, guides occupants to safe exits, and provides real-time information to emergency responders, ensuring a swift and safe evacuation process. ",3,10,123037
18-04-2023,mobile,131,What kind of support is provided for clients during the initial implementation phase?,9," We offer comprehensive on-site training, technical support, and dedicated assistance to clients, ensuring a smooth and successful implementation process. ",1,6,123038
12-05-2023,web,158,How does the AI system contribute to reducing greenhouse gas emissions?,17," By optimizing energy usage, our system reduces reliance on fossil fuels, leading to lower emissions and a more environmentally friendly operation of buildings. ",4,2,123039
22-06-2023,mobile,134,Tell me about any case studies or success stories related to your AI system.,5,Several businesses have reported significant energy savings and improved occupant satisfaction. Detailed case studies showcasing these successes are available on our website.,5,8,123040
02-07-2022,mobile,44,Can the AI system optimize energy usage in both small offices and large corporate buildings?,12," Yes, our system scales seamlessly, providing tailored energy optimization solutions for small offices, large corporate buildings, and everything in between. ",1,5,123041
18-07-2022,web,97,How does the AI system handle multiple floors and zones within a building?,12," AI categorizes zones, adjusting lighting and climate control based on occupancy patterns, ensuring energy efficiency and user comfort on each floor. ",5,1,123042
05-08-2022,web,77,What kind of data visualization tools are available to monitor building performance?,16," We provide intuitive dashboards with real-time graphs and charts, allowing users to visualize energy usage, occupancy, and other key metrics for in-depth analysis. ",2,3,123043
22-08-2022,mobile,41,How can the AI system adapt to changing user preferences and building usage patterns?,14," AI continuously learns from user interactions and adjusts settings based on evolving preferences and usage patterns, ensuring a personalized experience. ",5,8,123044
07-09-2022,mobile,34,Tell me about the AI system's role in promoting a healthier indoor environment.,17," By monitoring air quality, humidity, and ventilation, the system ensures a fresh and healthy indoor environment, promoting the well-being of occupants. ",2,1,123045
25-09-2022,web,139,How does the AI system handle energy demand fluctuations during peak hours?,9," AI predicts demand spikes, optimizing energy usage to prevent overloading systems during peak hours, ensuring stable performance and minimizing costs. ",5,4,123046
10-10-2022,web,138,What kind of feedback mechanisms are in place for occupants to report issues?,11," Occupants can use a mobile app to report issues. AI logs these reports, prioritizes tasks, and notifies maintenance teams for quick resolution. ",2,2,123047
27-10-2022,mobile,76,Tell me about the system's ability to adapt to seasonal weather changes.,19," AI monitors weather forecasts and adjusts HVAC and lighting systems accordingly, ensuring comfort and energy efficiency, regardless of external conditions. ",2,3,123048
09-11-2022,web,103,How does the AI system optimize conference room bookings and setups?,8," AI analyzes room occupancy patterns and suggests optimal booking times and configurations, enhancing conference room utilization and user experience. ",2,5,123049
24-11-2022,mobile,66,Can the AI system help in identifying areas for potential energy savings in a building?,19," Yes, AI conducts energy audits, pinpointing areas for improvement, such as insulation or lighting upgrades, leading to significant energy savings and reduced costs. ",1,2,123050
12-12-2022,web,30,What kind of sensors are used for occupancy detection?,16," Infrared sensors and ultrasonic sensors are employed for accurate occupancy detection, allowing the AI system to make informed decisions regarding lighting and climate control. ",3,3,123051
03-01-2023,web,83,How does the AI system handle diverse user preferences for room temperature and lighting?,7," AI profiles user preferences over time and adjusts individual room settings, ensuring personalized comfort and satisfaction for all occupants. ",5,7,123052
19-01-2023,mobile,58,Tell me about any awards or recognitions received by your smart building AI system.,15," Our system has received several industry awards, recognizing its innovation and impact on energy efficiency and occupant satisfaction in smart buildings. ",1,10,123053
06-02-2023,web,36,How does the AI system contribute to a more sustainable future?,5," By reducing energy consumption and promoting efficient building practices, our system plays a crucial role in creating environmentally friendly and sustainable smart spaces. ",5,4,123054
21-02-2023,web,36,Can the AI system be integrated with smart blinds and window treatments?,17," Yes, the system integrates with smart blinds, adjusting them based on natural light levels and user preferences, enhancing energy efficiency and comfort. ",5,10,123055
09-03-2023,mobile,127,Tell me about any research partnerships or collaborations related to your AI system.,13," We collaborate with leading research institutions, sharing data and insights to advance the field of smart building technology, ensuring our system stays at the forefront of innovation. ",1,5,123056
27-03-2023,web,32,How does the AI system contribute to LEED certification for buildings?,8," By optimizing energy usage and promoting sustainable practices, our system supports LEED certification requirements, helping buildings achieve high environmental standards and recognition. ",4,6,123057
13-04-2023,web,33,What kind of user training and onboarding support is provided for your system?,17," We offer comprehensive training sessions, user manuals, and 24/7 customer support to ensure clients and occupants can effectively utilize and benefit from our smart building AI system. ",5,3,123058
02-05-2023,web,127,Tell me about any upcoming features or advancements planned for your AI system.,13," We are constantly researching and developing new features, including enhanced predictive analytics and improved user interfaces, to provide even more sophisticated and user-friendly smart building solutions. ",3,1,123059
17-05-2023,web,43,How does the AI system handle data privacy and comply with regulations?,5," User data is anonymized and encrypted, and our system complies with global data protection regulations, ensuring the highest standards of data privacy and security for all users. ",3,6,123060
02-06-2023,web,129,Can the AI system analyze historical energy usage patterns to provide insights?,18," Yes, our system analyzes historical data, identifying trends and patterns, enabling informed decisions for further energy optimizations. ",1,2,123061
12-06-2023,web,157,Tell me about the AI system's role in disaster preparedness for smart buildings.,14," AI detects emergencies, initiates evacuation protocols, and coordinates with emergency services, ensuring a swift and organized response to disasters. ",2,3,123062
20-06-2023,web,68," How does the AI system handle diverse building layouts, such as open offices and cubicles? ",9," AI adapts lighting and climate control settings based on spatial layouts, ensuring optimal conditions and energy efficiency in various office configurations. ",5,3,123063
25-06-2023,web,102,Tell me about the AI system's compatibility with other building management systems.,16," Our system offers open APIs, facilitating seamless integration with existing building management systems, allowing for enhanced collaboration and functionality. ",4,3,123064
05-07-2023,mobile,53,Can the AI system provide detailed reports on energy savings and environmental impact?,20," Yes, our system generates comprehensive reports, showcasing energy savings, reduced emissions, and other environmental benefits, providing transparent insights for stakeholders. ",3,1,123065
15-07-2023,mobile,158," How does the AI system handle high-traffic areas in buildings, such as lobbies and conference halls? ",14," AI monitors traffic patterns and adjusts lighting and HVAC settings, ensuring comfort and energy efficiency in high-traffic areas, balancing occupant needs and energy conservation. ",2,7,123066
22-07-2023,web,84,Tell me about the AI system's ability to integrate with smart parking solutions for buildings.,17," Our system integrates with smart parking systems, guiding users to available parking spaces, reducing search time, and optimizing traffic flow within building premises. ",4,5,123067
03-08-2023,mobile,187,How does the AI system handle building access control and visitor management?,6," AI manages access control, granting permissions based on user roles. For visitors, the system generates QR codes, ensuring secure and convenient entry. ",3,1,123068
14-08-2023,mobile,166,Can the AI system predict equipment failures and maintenance needs for elevators and escalators?,5," Yes, AI analyzes usage patterns and equipment data, predicting maintenance needs and reducing downtime, ensuring reliable elevator and escalator performance. ",1,1,123069
28-08-2023,web,114,Tell me about the AI system's role in optimizing natural ventilation in buildings.,9," AI monitors outdoor air quality and weather conditions, adjusting windows and vents for natural ventilation, promoting fresh indoor air and energy efficiency. ",5,8,123070
05-06-2022,web,142,Tell me about your company's mission.,20," Our mission is to revolutionize industries through AI innovation, creating smarter solutions for a better future. ",5,10,100001
10-06-2022,mobile,139,How can I contact your customer support?,13,You can reach our customer support team via email at support@example.com or call us at 1-800-123-4567.,4,7,100002
15-06-2022,web,158,What are your AI solutions for retail businesses?,17," In retail, our AI enhances customer experiences, optimizes inventory management, and provides personalized recommendations for shoppers. ",3,9,100003
20-06-2022,web,131,Tell me more about your AI use cases in aviation.,18," In aviation, our AI improves safety protocols, enhances predictive maintenance, optimizes flight routes, and streamlines passenger experiences. ",2,5,100004
25-06-2022,mobile,86,How do you ensure security in your AI solutions?,17," Security is our top priority. We employ advanced encryption, regular security audits, and adhere to industry best practices to safeguard our AI systems. ",1,1,100005
30-06-2022,web,178,Can you provide examples of your work in security?,20," Our AI is used in security systems for facial recognition, intrusion detection, and behavior analysis, enhancing overall safety measures. ",3,4,100006
05-07-2022,mobile,59,What sets your company apart in the AI industry?,17," Our commitment to innovation, personalized solutions, and exceptional customer support sets us apart in the competitive AI landscape. ",3,4,100007
10-07-2022,web,110,Tell me about your team and their expertise.,15," Our team comprises skilled AI engineers, data scientists, and industry experts dedicated to creating cutting-edge AI solutions tailored to specific sectors. ",1,8,100008
15-07-2022,mobile,159,Can you explain your AI solutions for the retail industry in detail?,8," Certainly! In retail, our AI analyzes customer behavior, optimizes pricing strategies, forecasts demand, and enables efficient supply chain management. It also offers personalized marketing campaigns and enhances customer service through chatbots. ",3,10,100009
20-07-2022,mobile,102,How does your AI technology benefit aviation companies?,20," Our AI technology in aviation improves operational efficiency, reduces fuel consumption, enhances flight safety, and minimizes maintenance downtime through predictive analytics, ultimately leading to cost savings and improved passenger experiences. ",4,10,100010
25-07-2022,mobile,111,What kind of security measures are in place to protect user data in your AI systems?,18,User data in our AI systems is encrypted using advanced algorithms. We comply with strict data protection regulations and regularly update security protocols to ensure the highest level of data privacy and integrity.,1,4,100011
30-07-2022,mobile,97,How can businesses in the retail sector integrate your AI solutions into their existing systems?,13," Integration is seamless. Our AI solutions come with APIs and SDKs, allowing retailers to integrate them into POS systems, online platforms, and customer databases, ensuring a smooth implementation process. ",4,1,100012
05-08-2022,web,178," Can your AI solutions be customized for specific aviation needs, such as airlines or private jet companies? ",8," Absolutely! Our AI solutions are highly customizable. We collaborate closely with aviation clients to tailor our technology for specific needs, whether for commercial airlines or private jet operators, ensuring maximum efficiency and value. ",2,9,100013
10-08-2022,web,59," How do your AI systems adapt to changing security threats, especially in sensitive environments? ",18," Our AI systems are equipped with adaptive algorithms that continuously learn and evolve. They detect and respond to emerging security threats in real-time, ensuring proactive measures are taken to mitigate risks, particularly in sensitive environments like government facilities and financial institutions. ",3,2,100014
15-08-2022,web,116,Tell me about your company's approach to customer support and satisfaction.,17," Customer satisfaction is paramount. We offer 24/7 customer support, dedicated account managers, and regular feedback sessions to ensure our clients are not only satisfied but delighted with our services. ",1,3,100015
20-08-2022,mobile,170,What are the primary challenges your AI solutions address in the retail sector?,10," In the retail sector, our AI solutions address challenges such as demand forecasting accuracy, inventory management, customer engagement, and optimizing pricing strategies. By tackling these issues, retailers can enhance their efficiency and profitability. ",3,2,100016
25-08-2022,web,58,Can you share success stories of businesses in the aviation industry that have benefited from your AI solutions?,20,Certainly! One notable success story is an airline that achieved a 20% reduction in fuel consumption and a 15% increase in on-time arrivals after implementing our AI algorithms for route optimization and predictive maintenance.,4,10,100017
30-08-2022,mobile,136,How do you ensure the accuracy and reliability of your AI algorithms in security applications?,12," Accuracy and reliability are ensured through rigorous testing, extensive data validation, and continuous machine learning model training. Our AI algorithms undergo regular updates and evaluations to maintain high accuracy levels in security applications. ",2,7,100018
05-09-2022,web,173,What are the key benefits of implementing your AI solutions in retail stores?,17," Retailers benefit from increased sales, reduced operational costs, enhanced customer satisfaction, and improved inventory turnover. Our AI solutions enable data-driven decision-making, leading to a competitive edge in the market. ",1,8,100019
10-09-2022,mobile,116,How do you handle data privacy concerns related to the use of AI in security systems?,14," Data privacy is of utmost importance. We adhere to strict data protection standards, employ anonymization techniques, and allow users to customize data access levels. Additionally, our systems are designed to be compliant with global privacy regulations, ensuring user data is safeguarded. ",1,2,100020
15-09-2022,mobile,51," Can your AI systems be integrated with existing security infrastructure, such as CCTV cameras and access control systems? ",17," Yes, our AI systems are designed for seamless integration with various security infrastructure components, including CCTV cameras, access control systems, and alarms. This integration enhances the overall effectiveness of security operations and allows for comprehensive threat detection and response. ",4,9,100021
20-09-2022,mobile,46,Tell me about the training and support services you provide to retail businesses after implementing your AI solutions.,14," We offer comprehensive training programs tailored to retail staff, ensuring they understand how to utilize our AI solutions effectively. Our support services include on-site assistance, remote troubleshooting, and regular performance reviews to optimize the use of our technology in retail operations. ",3,7,100022
25-09-2022,web,27," How do you ensure the security of aviation data processed by your AI systems, especially considering the sensitive nature of flight information? ",6," Aviation data security is paramount. We employ advanced encryption methods, conduct regular security audits, and collaborate with aviation regulatory authorities to ensure compliance. Additionally, our AI systems are designed with multi-layered security protocols to safeguard sensitive flight information. ",3,4,100023
30-09-2022,mobile,124,What are the ethical considerations your company takes into account when developing AI solutions for security applications?,7," Ethical considerations are integral to our development process. We adhere to ethical AI principles, avoiding biases, ensuring transparency, and upholding user privacy rights. We actively engage with ethics committees, industry experts, and stakeholders to ensure our AI solutions are ethically sound and socially responsible. ",5,5,100024
05-10-2022,web,56,How can retailers benefit from implementing your AI-driven customer service solutions?,19," Retailers benefit from improved customer engagement, personalized shopping experiences, reduced response times, and increased customer loyalty. Our AI-driven customer service solutions enhance customer satisfaction and drive revenue growth for retailers. ",2,6,100025
10-10-2022,mobile,37,Can your AI systems analyze customer behavior in retail stores to provide insights for marketing strategies?,14," Absolutely! Our AI systems analyze customer behavior, preferences, and purchase patterns. The insights generated are invaluable for tailoring marketing strategies, optimizing product placements, and launching targeted promotions, ultimately boosting sales and customer engagement in retail stores. ",4,7,100026
15-10-2022,web,160,Tell me about your company's commitment to sustainability and eco-friendly practices.,18," Sustainability is a core value. We optimize energy consumption in our AI solutions, promote eco-friendly algorithms, and invest in green initiatives. Additionally, we collaborate with clients to ensure our AI implementations contribute to energy efficiency and environmental conservation in various industries. ",1,4,100027
20-10-2022,mobile,99," How do your AI solutions enhance security measures in public spaces, such as airports and stadiums? ",15," In public spaces, our AI solutions offer real-time threat detection, crowd analysis, facial recognition, and behavioral analytics. These capabilities enhance security protocols, enable proactive responses to potential threats, and ensure the safety of individuals in high-footfall areas like airports and stadiums. ",1,8,100028
25-10-2022,mobile,38,What kind of training do your AI models undergo to recognize security threats accurately?,16," Our AI models undergo extensive training on diverse datasets, simulating various security threat scenarios. Continuous training, validation, and refinement processes enhance the models' accuracy and reliability. Additionally, our models are regularly updated to adapt to evolving security threats and techniques. ",3,9,100029
30-10-2022,web,150,Can you share insights on your company's role in shaping the future of AI technology in different industries?,11," Our company actively collaborates with research institutions, industry experts, and policymakers to shape AI's future. We invest in research, contribute to open-source projects, and participate in industry conferences to drive innovation and foster the responsible adoption of AI technology across diverse sectors. ",1,2,100030
05-11-2022,mobile,179,How does your AI technology improve the efficiency of baggage handling systems in airports?,16," Our AI technology optimizes baggage handling by tracking luggage in real-time, predicting arrival times, and optimizing conveyor routes. It reduces mishandling rates, minimizes delays, and enhances overall efficiency, ensuring smooth baggage operations in airports. ",1,3,100031
10-11-2022,mobile,107,Can you explain your AI solutions' role in fraud detection and prevention for retail businesses?,17," Certainly! Our AI solutions analyze transaction patterns, detect anomalies, and flag potentially fraudulent activities. By identifying suspicious transactions in real-time, retailers can prevent fraud, safeguard customer data, and maintain the integrity of their payment systems. ",5,9,100032
05-09-2023,mobile,162,What services does lauretta.io offer?,5," Lauretta.io offers web development, design, and digital marketing services. ",5,4,112001
05-09-2023,mobile,166,How can I contact the support team of lauretta.io?,7,You can reach our support team via email at support@lauretta.io or through the contact form on our website.,4,1,123002
05-09-2023,mobile,189,Tell me more about lauretta.io's design process.,10," Our design process includes research, wireframing, prototyping, and user testing to create intuitive and visually appealing interfaces. ",2,7,123003
05-09-2023,web,147,What technologies does lauretta.io specialize in?,15," We specialize in various technologies, including HTML, CSS, JavaScript, React, and Node.js for web development projects. ",5,6,123004
05-09-2023,web,25,Can I see examples of websites developed by lauretta.io?,20,Certainly! You can check our portfolio section on the lauretta.io website to view some of our recent projects.,3,3,123005
05-09-2023,web,184,How long has lauretta.io been in the web development business?,7," Lauretta.io has been providing professional web development services for over a decade, ensuring high-quality solutions for clients. ",4,5,123006
05-09-2023,web,172,What sets lauretta.io apart from other web development agencies?,20," We prioritize customer satisfaction, attention to detail, and innovative solutions, ensuring our clients receive exceptional results tailored to their needs. ",1,6,123007
05-09-2023,web,162,Does lauretta.io offer SEO services for websites?,19," Yes, we offer comprehensive SEO services to optimize your website's visibility, ranking, and organic traffic on search engines. ",4,5,123008
05-09-2023,web,28,How do I request a quote for a web development project on lauretta.io?,10," You can request a quote by filling out the contact form on our website, providing details about your project requirements. ",2,10,123009
05-09-2023,mobile,171,Does lauretta.io provide ongoing website maintenance services?,19," Absolutely! We offer maintenance packages to keep your website updated, secure, and running smoothly after the initial development. ",1,4,123010
05-09-2023,mobile,70,Can I schedule a consultation with lauretta.io?,17," Certainly! You can schedule a consultation by sending an email to info@lauretta.io with your preferred date and time, and our team will get back to you. ",1,6,123011
05-09-2023,web,181,What industries have lauretta.io's services catered to?,15," We have worked with clients from various industries, including healthcare, e-commerce, education, and hospitality, providing tailored solutions for each sector. ",4,6,123012
05-09-2023,mobile,38,Does lauretta.io offer content writing services for websites?,13," Yes, we have professional content writers who can create engaging and relevant content for your website to enhance user experience and SEO. ",2,5,123013
05-09-2023,mobile,41,How can I check the progress of my ongoing project with lauretta.io?,16," You can log in to our client portal on the website, where you'll find project updates, timelines, and communication with our team for real-time progress tracking. ",3,4,123014
05-09-2023,web,177,Can lauretta.io assist with website redesigns and updates?,19," Certainly! We specialize in website redesigns, ensuring modernization, improved functionality, and enhanced user experience for your existing websites. ",1,8,123015
05-09-2023,mobile,37,How does lauretta.io ensure website security and data protection?,13," We implement robust security measures, including SSL certificates, encryption, and regular security audits, to protect websites and user data from threats and breaches. ",2,6,123016
05-09-2023,mobile,150,What e-commerce platforms does lauretta.io have experience with?,19," We have expertise in various e-commerce platforms, including Shopify, WooCommerce, Magento, and BigCommerce, providing tailored solutions for online businesses. ",2,5,123017
05-09-2023,web,94,How quickly can lauretta.io deliver a website for my business?,8," The timeline depends on the project complexity and requirements. We aim for efficient delivery, ensuring high-quality websites within agreed-upon deadlines. ",4,7,123018
05-09-2023,web,135,Can lauretta.io integrate third-party services into my website?,16," Yes, we can integrate various third-party services, such as payment gateways, CRM systems, and APIs, to enhance the functionality and user experience of your website. ",5,8,123019
05-09-2023,web,168,Does lauretta.io offer training sessions for managing websites?,12,Certainly! We provide training sessions to ensure clients and their teams can confidently manage,2,8,123020
06-09-2023,mobile,133,How can Lauretta.io's services benefit the aviation industry?,5," In aviation, we offer tailored software solutions, such as flight management systems and passenger experience enhancements, ensuring seamless operations and passenger satisfaction. ",5,5,123021
06-09-2023,mobile,51,Tell me more about Lauretta.io's security solutions for businesses.,14," In the security sector, we provide advanced surveillance systems, access control solutions, and AI-powered threat detection, ensuring robust security measures for various environments. ",1,8,123022
06-09-2023,mobile,82,How does Lauretta.io optimize customer experiences for retail businesses?,5," In retail, we implement personalized recommendation engines, seamless checkout processes, and inventory management systems, enhancing customer engagement and increasing sales. ",1,7,123023
06-09-2023,web,69,Can Lauretta.io assist in enhancing airport security protocols?,19," Yes, we offer AI-driven security solutions, such as facial recognition systems and behavior analysis, enhancing airport security measures and ensuring passenger safety. ",4,2,123024
06-09-2023,web,79,What kind of analytics tools does Lauretta.io provide for retail businesses?,12," Our analytics tools include customer behavior analysis, sales forecasting, and inventory optimization, empowering retailers with valuable insights for strategic decision-making. ",5,10,123025
06-09-2023,mobile,149,How does Lauretta.io's technology streamline baggage handling in airports?,12," We offer RFID-based baggage tracking systems, ensuring accurate luggage handling, reducing errors, and enhancing operational efficiency in airports. ",2,1,123026
06-09-2023,mobile,157,Can Lauretta.io's security solutions integrate with existing surveillance systems?,17," Absolutely! Our security solutions are designed for seamless integration, allowing businesses to enhance their existing surveillance infrastructure with our advanced features. ",1,9,123027
06-09-2023,mobile,149,Tell me about Lauretta.io's role in enhancing in-flight entertainment systems.,18," In aviation, we develop interactive in-flight entertainment platforms, offering passengers a wide range of content options, from movies to interactive games, ensuring an enjoyable travel experience. ",1,9,123028
06-09-2023,mobile,169,How does Lauretta.io ensure data security for retail businesses?,14," We implement end-to-end encryption, regular security audits, and compliance with industry standards, safeguarding customer data and ensuring data privacy for retail businesses. ",4,9,123029
06-09-2023,web,120,Can Lauretta.io's solutions enhance customer loyalty programs for retailers?,10," Yes, we offer customer loyalty management systems, enabling retailers to create personalized rewards, track customer behavior, and improve customer retention strategies. ",1,8,123030
06-09-2023,mobile,109,How does Lauretta.io optimize supply chain management for retailers?,19," We implement AI-driven demand forecasting, inventory optimization, and supply chain analytics, ensuring retailers have the right products at the right time, minimizing costs and maximizing efficiency. ",2,4,123031
06-09-2023,web,69,Tell me about Lauretta.io's role in airport passenger flow management.,5," In airports, we deploy sensors and AI algorithms to analyze passenger flow, optimize security checkpoints, and reduce wait times, enhancing overall airport efficiency and passenger experience. ",4,8,123032
06-09-2023,mobile,144,How does Lauretta.io's technology improve retail inventory accuracy?,8," Through RFID tagging and real-time tracking, our technology ensures accurate inventory counts, minimizes discrepancies, and enables retailers to make data-driven inventory decisions, improving overall accuracy. ",3,9,123033
06-09-2023,web,156,Can Lauretta.io's solutions be customized for specific airport security needs?,14," Yes, our solutions are highly customizable. We work closely with airports to understand their specific security requirements and tailor our technology to meet their unique needs effectively. ",2,5,123034
06-09-2023,web,169,Tell me about Lauretta.io's role in enhancing retail customer service.,19," We offer AI-powered chatbots, customer service analytics, and feedback analysis tools, enabling retailers to provide personalized customer support, improve response times, and enhance overall service quality. ",3,4,123035
06-09-2023,mobile,104,How does Lauretta.io ensure,7,No,5,6,123036
07-09-2023,web,88,How can I contact the customer support team at lauretta.io?,8," You can reach our customer support team by visiting our ""Contact Us"" page on the website. There, you'll find a contact form, email addresses, and phone numbers for inquiries. ",5,8,123037
07-09-2023,web,151," What is the response time for inquiries submitted through the ""Contact Us"" form? ",5,We strive to respond to inquiries within 24 hours. Our team is dedicated to addressing your questions and providing the information you need promptly.,3,2,123038
07-09-2023,mobile,102,Are there different contact methods available for urgent matters?,10," For urgent matters, we recommend calling our dedicated hotline number listed on the ""Contact Us"" page. This ensures the quickest response to time-sensitive issues. ",1,6,123039
07-09-2023,mobile,113,Can I schedule a meeting with a representative from lauretta.io?,14," Certainly! You can schedule a meeting by sending an email to meetings@lauretta.io with your preferred date, time, and agenda topics. We'll arrange the meeting accordingly. ",1,1,123040
07-09-2023,mobile,61,Is there a physical office location for lauretta.io that I can visit?,11," Yes, we have offices in several locations. You can find our addresses on the ""Contact Us"" page. Feel free to visit the nearest office during business hours. ",1,9,123041
07-09-2023,mobile,108,How can I submit my resume for job opportunities at lauretta.io?,9," You can submit your resume and cover letter through our careers portal on the website. Visit the ""Careers"" section to find the latest job openings and application instructions. ",4,10,123042
07-09-2023,mobile,20,Are there internships available at lauretta.io?,6," Yes, we offer internship programs in various departments. You can find detailed information about internship opportunities and application procedures on our ""Careers"" page. ",4,10,123043
07-09-2023,mobile,76,What qualifications and skills are lauretta.io looking for in potential candidates?,18," Qualifications vary based on the position, but we generally seek candidates with relevant degrees, industry certifications, and strong skills in areas such as programming, design, and project management. ",4,2,123044
07-09-2023,mobile,187,How can I inquire about the status of my job application at lauretta.io?,5,You can inquire about your application status by sending an email to hr@lauretta.io. Please include your name and the position you applied for in the email for reference.,3,9,123045
07-09-2023,mobile,158,Does lauretta.io offer professional development opportunities for its employees?,18," Yes, we invest in the professional development of our employees. We offer training programs, workshops, and certifications to enhance skills and support career growth. ",4,4,123046
07-09-2023,web,68,What is the typical recruitment process at lauretta.io?,13," Our recruitment process involves resume screening, initial interviews, technical assessments, and final interviews. Successful candidates will receive detailed information about each stage of the process. ",5,8,123047
07-09-2023,mobile,137,Are there opportunities for remote work at lauretta.io?,14," Yes, we offer remote work opportunities for certain positions. Remote work options depend on the role and team requirements. Specific details about remote work availability are provided during the application process. ",1,3,123048
07-09-2023,mobile,108,How can I stay updated on job openings and company news at lauretta.io?,16," You can subscribe to our newsletter on the website to receive updates on job openings, company news, and industry insights. Additionally, follow us on social media platforms for the latest updates. ",3,4,123049
07-09-2023,web,25,Does lauretta.io offer mentorship programs for its employees?,19," Yes, we have mentorship programs where experienced employees provide guidance and support to colleagues, fostering a collaborative and growth-oriented work environment. ",2,10,123050
07-09-2023,web,38,Can you provide information about the benefits package offered to employees at lauretta.io?,16," Our benefits package includes health insurance, retirement plans, paid time off, professional development allowances, and various employee wellness programs. Detailed information is provided to employees upon joining. ",2,8,123051
